ip_address;host_name;date
127.0.0.1;?;2021-12-08 16:37:50
127.0.0.1;?;2021-12-08 17:08:44
127.0.0.1;?;2021-12-08 17:10:29
127.0.0.1;?;2021-12-08 17:10:37
127.0.0.1;?;2021-12-08 17:10:46
127.0.0.1;?;2021-12-08 17:12:32
127.0.0.1;?;2021-12-08 17:17:07
127.0.0.1;?;2021-12-08 17:20:00
127.0.0.1;?;2021-12-08 17:20:58
127.0.0.1;?;2021-12-08 17:22:31
127.0.0.1;?;2021-12-08 17:29:52
127.0.0.1;?;2021-12-10 14:44:38
127.0.0.1;?;2021-12-10 14:47:42
127.0.0.1;?;2021-12-10 14:54:31
127.0.0.1;?;2021-12-10 15:43:24
127.0.0.1;?;2021-12-10 15:44:29
127.0.0.1;?;2021-12-10 15:45:48
127.0.0.1;?;2021-12-10 15:48:11
127.0.0.1;?;2021-12-10 15:49:41
127.0.0.1;?;2021-12-10 15:56:46
127.0.0.1;?;2021-12-10 15:58:47
127.0.0.1;?;2021-12-10 15:59:40
127.0.0.1;?;2021-12-10 16:05:35
127.0.0.1;?;2021-12-10 16:23:51
127.0.0.1;?;2021-12-10 16:24:35
127.0.0.1;?;2021-12-10 16:34:28
127.0.0.1;?;2021-12-10 16:36:22
127.0.0.1;?;2021-12-10 17:22:06
127.0.0.1;?;2021-12-10 17:26:55
127.0.0.1;?;2021-12-10 18:27:46
127.0.0.1;?;2021-12-10 18:28:30
127.0.0.1;?;2021-12-11 10:30:55
127.0.0.1;?;2021-12-11 10:34:30
127.0.0.1;?;2021-12-11 10:35:22
127.0.0.1;?;2021-12-11 10:35:42
127.0.0.1;?;2021-12-11 10:37:15
127.0.0.1;?;2021-12-11 10:40:03
127.0.0.1;?;2021-12-11 10:43:12
127.0.0.1;?;2021-12-11 10:44:45
127.0.0.1;?;2021-12-11 10:49:26
127.0.0.1;?;2021-12-11 10:50:14
127.0.0.1;?;2021-12-11 11:01:58
127.0.0.1;?;2021-12-11 11:07:44
127.0.0.1;?;2021-12-11 11:08:31
127.0.0.1;?;2021-12-11 11:09:17
127.0.0.1;?;2021-12-11 11:09:45
127.0.0.1;?;2021-12-11 11:13:31
127.0.0.1;?;2021-12-11 11:19:49
127.0.0.1;?;2021-12-11 14:37:02
127.0.0.1;?;2021-12-11 14:37:56
127.0.0.1;?;2021-12-11 14:39:22
127.0.0.1;?;2021-12-11 14:40:54
127.0.0.1;?;2021-12-11 14:41:31
127.0.0.1;?;2021-12-11 14:41:57
127.0.0.1;?;2021-12-11 14:47:54
127.0.0.1;?;2021-12-11 14:49:36
127.0.0.1;?;2021-12-11 14:50:38
127.0.0.1;?;2021-12-11 14:51:16
127.0.0.1;?;2021-12-11 14:52:24
127.0.0.1;?;2021-12-11 14:53:14
127.0.0.1;?;2021-12-11 14:53:47
127.0.0.1;?;2021-12-11 14:59:17
127.0.0.1;?;2021-12-11 15:02:02
127.0.0.1;?;2021-12-11 15:04:46
127.0.0.1;?;2021-12-11 15:06:06
127.0.0.1;?;2021-12-11 15:09:04
127.0.0.1;?;2021-12-11 15:14:56
127.0.0.1;?;2021-12-11 15:21:58
127.0.0.1;?;2021-12-11 15:23:15
127.0.0.1;?;2021-12-11 15:24:00
127.0.0.1;?;2021-12-11 15:25:00
127.0.0.1;?;2021-12-11 15:29:09
127.0.0.1;?;2021-12-11 15:30:05
127.0.0.1;?;2021-12-11 15:33:14
127.0.0.1;?;2021-12-11 15:33:51
127.0.0.1;?;2021-12-11 15:34:33
127.0.0.1;?;2021-12-11 15:41:14
127.0.0.1;?;2021-12-11 15:41:46
127.0.0.1;?;2021-12-11 15:44:32
127.0.0.1;?;2021-12-11 15:46:10
127.0.0.1;?;2021-12-11 15:48:06
127.0.0.1;?;2021-12-11 15:49:02
127.0.0.1;?;2021-12-11 15:52:14
127.0.0.1;?;2021-12-11 15:54:13
127.0.0.1;?;2021-12-11 16:09:30
127.0.0.1;?;2021-12-11 16:12:38
127.0.0.1;?;2021-12-11 16:14:50
127.0.0.1;?;2021-12-11 16:21:33
127.0.0.1;?;2021-12-11 16:25:00
127.0.0.1;?;2021-12-11 16:31:11
127.0.0.1;?;2021-12-11 16:34:44
127.0.0.1;?;2021-12-11 16:35:37
127.0.0.1;?;2021-12-11 16:40:01
127.0.0.1;?;2021-12-11 16:43:39
127.0.0.1;?;2021-12-11 16:47:31
127.0.0.1;?;2021-12-11 16:52:49
127.0.0.1;?;2021-12-11 16:55:51
127.0.0.1;?;2021-12-11 16:58:43
127.0.0.1;?;2021-12-12 16:23:07
127.0.0.1;?;2021-12-12 16:24:45
127.0.0.1;?;2021-12-12 16:27:35
127.0.0.1;?;2021-12-12 16:28:39
127.0.0.1;?;2021-12-12 16:32:15
127.0.0.1;?;2021-12-12 16:32:37
127.0.0.1;?;2021-12-12 16:34:00
127.0.0.1;?;2021-12-12 16:36:04
127.0.0.1;?;2021-12-12 16:43:34
127.0.0.1;?;2021-12-12 16:50:22
127.0.0.1;?;2021-12-12 16:52:20
127.0.0.1;?;2021-12-12 17:20:28
